{
	"credit": "Made with Blockbench",
	"parent": "block/thin_block",
	"textures": {
		"0": "block/bamboo_trapdoor",
		"1": "block/bamboo_trapdoor_1",
		"particle": "block/bamboo_trapdoor"
	},
	"elements": [
		{
			"name": "Element",
			"from": [0, 13, 0],
			"to": [16, 16, 16],
			"faces": {
				"north": {"uv": [0.25, 0.5, 15.75, 0], "rotation": 180, "texture": "#0", "cullface": "north"},
				"east": {"uv": [15.75, 0.25, 15.25, 15.75], "rotation": 90, "texture": "#0", "cullface": "east"},
				"south": {"uv": [0.25, 15.75, 15.75, 15.25], "texture": "#0", "cullface": "south"},
				"west": {"uv": [0.75, 16, 0.25, 0.25], "rotation": 90, "texture": "#0", "cullface": "west"},
				"up": {"uv": [16, 0, 0, 16], "texture": "#0", "cullface": "up"},
				"down": {"uv": [0, 0, 16, 16], "rotation": 180, "texture": "#0"}
			}
		},
		{
			"name": "Element",
			"from": [3, 14.5, 3],
			"to": [13, 14.5, 13],
			"faces": {
				"up": {"uv": [3, 3, 13, 13], "texture": "#1"},
				"down": {"uv": [3, 3, 13, 13], "rotation": 180, "texture": "#1"}
			}
		},
		{
			"name": "Element",
			"from": [13, 16, 13],
			"to": [3, 13, 3],
			"faces": {
				"north": {"uv": [3, 13, 13, 13.5], "rotation": 180, "texture": "#0"},
				"east": {"uv": [13, 3, 13.5, 13], "rotation": 270, "texture": "#0"},
				"south": {"uv": [3, 2.5, 13, 3], "texture": "#0"},
				"west": {"uv": [2.5, 3, 3, 13], "rotation": 90, "texture": "#0"}
			}
		}
	]
}