{
  "format_version": "1.21.6",
  "credit": "Made with Blockbench",
  "parent": "minecraft:block/door_bottom_left",
  "texture_size": [64, 64],
  "textures": {
    "particle": "block/oxidized_copper_door_bottom",
    "bottom": "block/oxidized_copper_door_bottom"
  },
  "elements": [
    {
      "from": [0, 0, 0],
      "to": [3, 16, 16],
      "faces": {
        "north": {
          "uv": [0.5, 0, 0, 16],
          "texture": "#bottom",
          "cullface": "north"
        },
        "east": { "uv": [16, 0, 0, 16], "texture": "#bottom" },
        "south": {
          "uv": [15.5, 0, 16, 16],
          "texture": "#bottom",
          "cullface": "south"
        },
        "west": {
          "uv": [0, 0, 16, 16],
          "texture": "#bottom",
          "cullface": "west"
        },
        "down": {
          "uv": [16, 15.5, 0, 16],
          "rotation": 90,
          "texture": "#bottom",
          "cullface": "down"
        }
      }
    }
  ]
}
