{
  "format_version": "1.21.6",
  "credit": "Made with Blockbench",
  "parent": "minecraft:block/door_top_left",
  "textures": {
    "particle": "block/oxidized_copper_door_top",
    "top": "block/oxidized_copper_door_top"
  },
  "elements": [
    {
      "from": [0, 0, 0],
      "to": [3, 16, 16],
      "faces": {
        "north": {
          "uv": [0.5, 0, 0, 16],
          "texture": "#top",
          "cullface": "north"
        },
        "east": { "uv": [16, 0, 0, 16], "texture": "#top" },
        "south": {
          "uv": [15.5, 0, 16, 16],
          "texture": "#top",
          "cullface": "south"
        },
        "west": { "uv": [0, 0, 16, 16], "texture": "#top", "cullface": "west" },
        "up": {
          "uv": [0, 0.5, 16, 0],
          "rotation": 90,
          "texture": "#top",
          "cullface": "up"
        }
      }
    }
  ]
}
