{
	"credit": "Made with Blockbench",
	"ambientocclusion": false,
	"texture_size": [2048, 2048],
	"textures": {
		"rail": "block/rail_corner_track",
		"texture": "block/rail_corner_base",
		"particle": "block/rail_corner"
	},
	"elements": [
		{
			"name": "Box2",
			"from": [2, 0.5, 12],
			"to": [4, 1.5, 16],
			"faces": {
				"north": {"uv": [4, 12, 2, 12.5], "texture": "#rail"},
				"east": {"uv": [4, 12, 3.5, 16], "rotation": 90, "texture": "#rail"},
				"south": {"uv": [2, 15.5, 4, 16], "texture": "#rail"},
				"west": {"uv": [2.5, 12, 2, 16], "rotation": 270, "texture": "#rail"},
				"up": {"uv": [2, 12, 4, 16], "texture": "#rail"},
				"down": {"uv": [2, 16, 4, 12], "texture": "#rail"}
			}
		},
		{
			"name": "Box2",
			"from": [12, 0.5, 2],
			"to": [16, 1.5, 4],
			"faces": {
				"north": {"uv": [12, 2.5, 16, 2], "rotation": 180, "texture": "#rail"},
				"east": {"uv": [15.5, 2, 16, 4], "rotation": 90, "texture": "#rail"},
				"south": {"uv": [12, 4, 16, 3.5], "texture": "#rail"},
				"west": {"uv": [12.5, 2, 12, 4], "rotation": 270, "texture": "#rail"},
				"up": {"uv": [12, 2, 16, 4], "texture": "#rail"},
				"down": {"uv": [12, 4, 16, 2], "texture": "#rail"}
			}
		},
		{
			"name": "Box2",
			"from": [14, 0.5, 12],
			"to": [16, 1.5, 14],
			"faces": {
				"north": {"uv": [14, 12.5, 16, 12], "rotation": 180, "texture": "#rail"},
				"east": {"uv": [15.5, 12, 16, 14], "rotation": 90, "texture": "#rail"},
				"south": {"uv": [14, 14, 16, 13.5], "texture": "#rail"},
				"west": {"uv": [14.5, 12, 14, 14], "rotation": 270, "texture": "#rail"},
				"up": {"uv": [14, 12, 16, 14], "texture": "#rail"},
				"down": {"uv": [14, 14, 16, 12], "texture": "#rail"}
			}
		},
		{
			"name": "Box2",
			"from": [12, 0.5, 14],
			"to": [14, 1.5, 16],
			"faces": {
				"north": {"uv": [12, 14.5, 14, 14], "rotation": 180, "texture": "#rail"},
				"east": {"uv": [14, 14, 13.5, 16], "rotation": 90, "texture": "#rail"},
				"south": {"uv": [12, 15.5, 14, 16], "texture": "#rail"},
				"west": {"uv": [12.5, 14, 12, 16], "rotation": 270, "texture": "#rail"},
				"up": {"uv": [12, 14, 14, 16], "texture": "#rail"},
				"down": {"uv": [12, 16, 14, 14], "texture": "#rail"}
			}
		},
		{
			"name": "Box2",
			"from": [13, 0.5, 13],
			"to": [14, 1.5, 14],
			"faces": {
				"north": {"uv": [13, 13, 14, 13.5], "texture": "#rail"},
				"east": {"uv": [13, 13, 14, 14], "texture": "#rail"},
				"west": {"uv": [13, 13, 13.5, 14], "rotation": 90, "texture": "#rail"},
				"up": {"uv": [13, 13, 14, 14], "texture": "#rail"},
				"down": {"uv": [13, 14, 14, 13], "texture": "#rail"}
			}
		},
		{
			"name": "Box2",
			"from": [3, 0.5, 10],
			"to": [5, 1.5, 12],
			"faces": {
				"north": {"uv": [3, 10.5, 5, 10], "rotation": 180, "texture": "#rail"},
				"east": {"uv": [5, 10, 4.5, 12], "rotation": 90, "texture": "#rail"},
				"south": {"uv": [3, 12, 5, 11.5], "texture": "#rail"},
				"west": {"uv": [3.5, 10, 3, 12], "rotation": 270, "texture": "#rail"},
				"up": {"uv": [3, 10, 5, 12], "texture": "#rail"},
				"down": {"uv": [3, 12, 5, 10], "texture": "#rail"}
			}
		},
		{
			"name": "Box2",
			"from": [4, 0.5, 8],
			"to": [6, 1.5, 10],
			"faces": {
				"north": {"uv": [4, 8.5, 6, 8], "rotation": 180, "texture": "#rail"},
				"east": {"uv": [5.5, 8, 6, 10], "rotation": 270, "texture": "#rail"},
				"south": {"uv": [4, 10, 6, 9.5], "texture": "#rail"},
				"west": {"uv": [4, 8, 4.5, 10], "rotation": 90, "texture": "#rail"},
				"up": {"uv": [4, 8, 6, 10], "texture": "#rail"},
				"down": {"uv": [4, 10, 6, 8], "texture": "#rail"}
			}
		},
		{
			"name": "Box2",
			"from": [8, 0.5, 4],
			"to": [10, 1.5, 6],
			"faces": {
				"north": {"uv": [8, 4.5, 10, 4], "rotation": 180, "texture": "#rail"},
				"east": {"uv": [10, 4, 9.5, 6], "rotation": 90, "texture": "#rail"},
				"south": {"uv": [8, 6, 10, 5.5], "texture": "#rail"},
				"west": {"uv": [8.5, 4, 8, 6], "rotation": 270, "texture": "#rail"},
				"up": {"uv": [8, 4, 10, 6], "texture": "#rail"},
				"down": {"uv": [8, 6, 10, 4], "texture": "#rail"}
			}
		},
		{
			"name": "Box2",
			"from": [7, 0.5, 5],
			"to": [8, 1.5, 7],
			"faces": {
				"north": {"uv": [7, 5, 8, 5.5], "texture": "#rail"},
				"east": {"uv": [8, 5, 7.5, 7], "rotation": 90, "texture": "#rail"},
				"south": {"uv": [7, 7, 8, 6.5], "texture": "#rail"},
				"west": {"uv": [7.5, 5, 7, 7], "rotation": 270, "texture": "#rail"},
				"up": {"uv": [7, 5, 8, 7], "texture": "#rail"},
				"down": {"uv": [7, 7, 8, 5], "texture": "#rail"}
			}
		},
		{
			"name": "Box2",
			"from": [6, 0.5, 6],
			"to": [7, 1.5, 7],
			"faces": {
				"north": {"uv": [6, 6, 7, 6.5], "texture": "#rail"},
				"west": {"uv": [6, 6, 6.5, 7], "rotation": 90, "texture": "#rail"},
				"up": {"uv": [6, 6, 7, 7], "texture": "#rail"},
				"down": {"uv": [6, 7, 7, 6], "texture": "#rail"}
			}
		},
		{
			"name": "Box2",
			"from": [5, 0.5, 7],
			"to": [7, 1.5, 8],
			"faces": {
				"north": {"uv": [5, 7.5, 7, 7], "rotation": 180, "texture": "#rail"},
				"east": {"uv": [7, 7, 6.5, 8], "rotation": 90, "texture": "#rail"},
				"south": {"uv": [5, 8, 7, 7.5], "texture": "#rail"},
				"west": {"uv": [5, 7, 5.5, 8], "rotation": 90, "texture": "#rail"},
				"up": {"uv": [5, 7, 7, 8], "texture": "#rail"},
				"down": {"uv": [5, 8, 7, 7], "texture": "#rail"}
			}
		},
		{
			"name": "Box2",
			"from": [10, 0.5, 3],
			"to": [12, 1.5, 5],
			"faces": {
				"north": {"uv": [10, 3.5, 12, 3], "rotation": 180, "texture": "#rail"},
				"east": {"uv": [12, 3, 11.5, 5], "rotation": 90, "texture": "#rail"},
				"south": {"uv": [10, 5, 12, 4.5], "texture": "#rail"},
				"west": {"uv": [10.5, 3, 10, 5], "rotation": 270, "texture": "#rail"},
				"up": {"uv": [10, 3, 12, 5], "texture": "#rail"},
				"down": {"uv": [10, 5, 12, 3], "texture": "#rail"}
			}
		},
		{
			"name": "Box2",
			"from": [10, 0, 14],
			"to": [14, 0.5, 16],
			"faces": {
				"north": {"uv": [10, 14, 14, 14.5], "rotation": 180, "texture": "#texture"},
				"south": {"uv": [10, 15.5, 14, 16], "texture": "#texture"},
				"west": {"uv": [10, 14, 10.5, 16], "rotation": 270, "texture": "#texture"},
				"up": {"uv": [10, 14, 14, 16], "texture": "#texture"},
				"down": {"uv": [14, 14, 10, 16], "rotation": 180, "texture": "#texture"}
			}
		},
		{
			"name": "Box2",
			"from": [14, 0, 10],
			"to": [16, 0.5, 15],
			"faces": {
				"north": {"uv": [14, 10, 16, 10.5], "rotation": 180, "texture": "#texture"},
				"east": {"uv": [15.5, 15, 16, 10], "rotation": 270, "texture": "#texture"},
				"south": {"uv": [14, 14.5, 16, 15], "texture": "#texture"},
				"west": {"uv": [14, 10, 14.5, 15], "rotation": 270, "texture": "#texture"},
				"up": {"uv": [14, 10, 16, 15], "texture": "#texture"},
				"down": {"uv": [14, 15, 16, 10], "texture": "#texture"}
			}
		},
		{
			"name": "Box2",
			"from": [13, 0, 7],
			"to": [15, 0.5, 10],
			"faces": {
				"north": {"uv": [13, 7, 15, 7.5], "rotation": 180, "texture": "#texture"},
				"east": {"uv": [14.5, 7, 15, 10], "rotation": 90, "texture": "#texture"},
				"south": {"uv": [13, 9.5, 15, 10], "texture": "#texture"},
				"west": {"uv": [13, 7, 13.5, 10], "rotation": 270, "texture": "#texture"},
				"up": {"uv": [13, 7, 15, 10], "texture": "#texture"},
				"down": {"uv": [13, 10, 15, 7], "texture": "#texture"}
			}
		},
		{
			"name": "Box2",
			"from": [12, 0, 4],
			"to": [14, 0.5, 7],
			"faces": {
				"north": {"uv": [12, 4, 14, 4.5], "rotation": 180, "texture": "#texture"},
				"east": {"uv": [13.5, 4, 14, 7], "rotation": 90, "texture": "#texture"},
				"south": {"uv": [12, 6.5, 14, 7], "texture": "#texture"},
				"west": {"uv": [12, 4, 12.5, 7], "texture": "#texture"},
				"up": {"uv": [12, 4, 14, 7], "texture": "#texture"},
				"down": {"uv": [12, 7, 14, 4], "texture": "#texture"}
			}
		},
		{
			"name": "Box2",
			"from": [7, 0, 13],
			"to": [10, 0.5, 15],
			"faces": {
				"north": {"uv": [7, 13, 10, 13.5], "rotation": 180, "texture": "#texture"},
				"east": {"uv": [9.3125, 13, 9.8125, 15], "rotation": 90, "texture": "#texture"},
				"south": {"uv": [7, 14.5, 10, 15], "texture": "#texture"},
				"west": {"uv": [7, 13, 7.5, 15], "rotation": 270, "texture": "#texture"},
				"up": {"uv": [7, 13, 10, 15], "texture": "#texture"},
				"down": {"uv": [7, 15, 10, 13], "texture": "#texture"}
			}
		},
		{
			"name": "Box2",
			"from": [5, 0, 5],
			"to": [6, 0.5, 7],
			"faces": {
				"north": {"uv": [5, 5, 6, 5.5], "texture": "#texture"},
				"south": {"uv": [5, 6.5, 6, 7], "texture": "#texture"},
				"west": {"uv": [5, 5, 5.5, 7], "rotation": 270, "texture": "#texture"},
				"up": {"uv": [5, 5, 6, 7], "texture": "#texture"},
				"down": {"uv": [5, 7, 6, 5], "texture": "#texture"}
			}
		},
		{
			"name": "Box2",
			"from": [9, 0, 8],
			"to": [10, 0.5, 11],
			"faces": {
				"north": {"uv": [9, 8, 10, 8.5], "texture": "#texture"},
				"east": {"uv": [9.5, 8, 10, 11], "rotation": 90, "texture": "#texture"},
				"south": {"uv": [9, 10.5, 10, 11], "texture": "#texture"},
				"west": {"uv": [9, 8, 9.5, 11], "rotation": 270, "texture": "#texture"},
				"up": {"uv": [9, 8, 10, 11], "texture": "#texture"},
				"down": {"uv": [9, 11, 10, 8], "texture": "#texture"}
			}
		},
		{
			"name": "Box2",
			"from": [10, 0, 9],
			"to": [11, 0.5, 12],
			"faces": {
				"north": {"uv": [10, 9, 11, 9.5], "texture": "#texture"},
				"east": {"uv": [10.5, 9, 11, 12], "rotation": 90, "texture": "#texture"},
				"south": {"uv": [10, 11.5, 11, 12], "texture": "#texture"},
				"west": {"uv": [10, 9, 10.5, 12], "rotation": 270, "texture": "#texture"},
				"up": {"uv": [10, 9, 11, 12], "texture": "#texture"},
				"down": {"uv": [11, 9, 10, 12], "rotation": 180, "texture": "#texture"}
			}
		},
		{
			"name": "Box2",
			"from": [8, 0, 7],
			"to": [9, 0.5, 10],
			"faces": {
				"north": {"uv": [8, 7, 9, 7.5], "texture": "#texture"},
				"east": {"uv": [8.5, 7, 9, 10], "rotation": 90, "texture": "#texture"},
				"south": {"uv": [8, 9.5, 9, 10], "texture": "#texture"},
				"west": {"uv": [8, 7, 8.5, 10], "rotation": 270, "texture": "#texture"},
				"up": {"uv": [8, 7, 9, 10], "texture": "#texture"},
				"down": {"uv": [8, 10, 9, 7], "texture": "#texture"}
			}
		},
		{
			"name": "Box2",
			"from": [11, 0, 10],
			"to": [12, 0.5, 13],
			"faces": {
				"north": {"uv": [11, 10, 12, 10.5], "texture": "#texture"},
				"east": {"uv": [11.5, 10, 12, 13], "rotation": 90, "texture": "#texture"},
				"south": {"uv": [11, 12.5, 12, 13], "texture": "#texture"},
				"west": {"uv": [11, 10, 11.5, 13], "rotation": 270, "texture": "#texture"},
				"up": {"uv": [11, 10, 12, 13], "texture": "#texture"},
				"down": {"uv": [12, 10, 11, 13], "rotation": 180, "texture": "#texture"}
			}
		},
		{
			"name": "Box2",
			"from": [12, 0, 11],
			"to": [13, 0.5, 14],
			"faces": {
				"north": {"uv": [12, 11, 13, 11.5], "texture": "#texture"},
				"east": {"uv": [12.5, 11, 13, 14], "rotation": 90, "texture": "#texture"},
				"west": {"uv": [12, 11, 12.5, 14], "rotation": 270, "texture": "#texture"},
				"up": {"uv": [12, 11, 13, 14], "texture": "#texture"},
				"down": {"uv": [12, 14, 13, 11], "texture": "#texture"}
			}
		},
		{
			"name": "Box2",
			"from": [6, 0, 5],
			"to": [7, 0.5, 8],
			"faces": {
				"north": {"uv": [6, 5, 7, 5.5], "texture": "#texture"},
				"east": {"uv": [6.5, 8, 7, 5], "rotation": 270, "texture": "#texture"},
				"south": {"uv": [6, 7.5, 7, 8], "texture": "#texture"},
				"west": {"uv": [6, 5, 6.5, 8], "rotation": 270, "texture": "#texture"},
				"up": {"uv": [6, 5, 7, 8], "texture": "#texture"},
				"down": {"uv": [6, 5, 7, 8], "texture": "#texture"}
			}
		},
		{
			"name": "Box2",
			"from": [7, 0, 6],
			"to": [8, 0.5, 9],
			"faces": {
				"north": {"uv": [7, 6, 8, 6.5], "texture": "#texture"},
				"east": {"uv": [7.5, 6, 8, 9], "rotation": 90, "texture": "#texture"},
				"south": {"uv": [7, 8.5, 8, 9], "texture": "#texture"},
				"west": {"uv": [7, 6, 7.5, 9], "rotation": 270, "texture": "#texture"},
				"up": {"uv": [7, 6, 8, 9], "texture": "#texture"},
				"down": {"uv": [7, 9, 8, 6], "texture": "#texture"}
			}
		},
		{
			"name": "Box2",
			"from": [13, 0, 12],
			"to": [14, 0.5, 14],
			"faces": {
				"north": {"uv": [13, 12, 14, 12.5], "texture": "#texture"},
				"up": {"uv": [13, 12, 14, 14], "texture": "#texture"},
				"down": {"uv": [13, 14, 14, 12], "texture": "#texture"}
			}
		},
		{
			"name": "Box2",
			"from": [11, 0, 1],
			"to": [13, 0.5, 4],
			"faces": {
				"north": {"uv": [13, 1, 11, 1.5], "texture": "#texture"},
				"east": {"uv": [12.5, 1, 13, 4], "rotation": 90, "texture": "#texture"},
				"south": {"uv": [11, 3.5, 13, 4], "texture": "#texture"},
				"west": {"uv": [11, 1, 11.5, 4], "rotation": 270, "texture": "#texture"},
				"up": {"uv": [11, 1, 13, 4], "texture": "#texture"},
				"down": {"uv": [11, 4, 13, 1], "texture": "#texture"}
			}
		},
		{
			"name": "Box2",
			"from": [1, 0, 11],
			"to": [4, 0.5, 13],
			"faces": {
				"north": {"uv": [1, 11, 4, 11.5], "texture": "#texture"},
				"east": {"uv": [3.5, 11, 4, 13], "rotation": 90, "texture": "#texture"},
				"south": {"uv": [1, 12.5, 4, 13], "texture": "#texture"},
				"west": {"uv": [1, 11, 1.5, 13], "rotation": 270, "texture": "#texture"},
				"up": {"uv": [1, 11, 4, 13], "texture": "#texture"},
				"down": {"uv": [4, 11, 1, 13], "rotation": 180, "texture": "#texture"}
			}
		},
		{
			"name": "Box2",
			"from": [14, 0, 15],
			"to": [15, 0.5, 16],
			"faces": {
				"north": {"uv": [14, 15.25, 15, 15.75], "texture": "#texture"},
				"east": {"uv": [14.5, 15, 15, 16], "texture": "#texture"},
				"south": {"uv": [14, 15.5, 15, 16], "texture": "#texture"},
				"up": {"uv": [14, 15, 15, 16], "texture": "#texture"},
				"down": {"uv": [14, 15, 15, 16], "texture": "#texture"}
			}
		},
		{
			"name": "Box2",
			"from": [4, 0, 12],
			"to": [7, 0.5, 14],
			"faces": {
				"north": {"uv": [7, 12, 4, 12.5], "texture": "#texture"},
				"east": {"uv": [6.5, 12, 7, 14], "rotation": 90, "texture": "#texture"},
				"south": {"uv": [4, 13.5, 7, 14], "texture": "#texture"},
				"west": {"uv": [4, 12, 4.5, 14], "rotation": 270, "texture": "#texture"},
				"up": {"uv": [4, 12, 7, 14], "texture": "#texture"},
				"down": {"uv": [4, 14, 7, 12], "texture": "#texture"}
			}
		}
	]
}