{
	"credit": "Made with Blockbench",
	"textures": {
		"0": "block/warped_trapdoor",
		"particle": "block/warped_trapdoor"
	},
	"elements": [
		{
			"name": "Element",
			"from": [0, 0, 13],
			"to": [16, 16, 16],
			"faces": {
				"north": {"uv": [0, 0, 16, 16], "rotation": 180, "texture": "#0"},
				"east": {"uv": [0.25, 0, 0.75, 16], "rotation": 180, "texture": "#0", "cullface": "east"},
				"south": {"uv": [0, 16, 16, 0], "texture": "#0", "cullface": "south"},
				"west": {"uv": [15.25, 0, 15.75, 16], "rotation": 180, "texture": "#0", "cullface": "west"},
				"up": {"uv": [0, 0.25, 16, 0.75], "rotation": 180, "texture": "#0", "cullface": "up"},
				"down": {"uv": [0, 0.25, 16, 0.75], "texture": "#0", "cullface": "down"}
			}
		},
		{
			"name": "Element",
			"from": [13, 13, 16],
			"to": [12, 10, 13],
			"rotation": {"angle": 0, "axis": "x", "origin": [2, 16, 13]},
			"faces": {
				"east": {"uv": [12, 10, 11.5, 13], "texture": "#0"},
				"west": {"uv": [13.5, 10, 13, 13], "texture": "#0"},
				"up": {"uv": [12, 10, 13, 9.5], "texture": "#0"},
				"down": {"uv": [12, 13.5, 13, 13], "texture": "#0"}
			}
		},
		{
			"name": "Element",
			"from": [13, 5, 16],
			"to": [12, 3, 13],
			"rotation": {"angle": 0, "axis": "x", "origin": [2, 16, 13]},
			"faces": {
				"east": {"uv": [12, 3, 11.5, 5], "texture": "#0"},
				"west": {"uv": [13.5, 3, 13, 5], "texture": "#0"},
				"up": {"uv": [12, 3, 13, 2.5], "texture": "#0"},
				"down": {"uv": [12, 5.5, 13, 5], "texture": "#0"}
			}
		},
		{
			"name": "Element",
			"from": [12, 12, 16],
			"to": [11, 3, 13],
			"rotation": {"angle": 0, "axis": "x", "origin": [1, 16, 13]},
			"faces": {
				"east": {"uv": [11, 3, 10.5, 12], "texture": "#0"},
				"west": {"uv": [12.5, 3, 12, 12], "texture": "#0"},
				"up": {"uv": [11, 3, 12, 2.5], "texture": "#0"},
				"down": {"uv": [11, 12.5, 12, 12], "texture": "#0"}
			}
		},
		{
			"name": "Element",
			"from": [11, 13, 16],
			"to": [10, 12, 13],
			"rotation": {"angle": 0, "axis": "x", "origin": [-7, 16, 13]},
			"faces": {
				"east": {"uv": [10, 12, 9.5, 13], "texture": "#0"},
				"west": {"uv": [11.5, 12, 11, 13], "texture": "#0"},
				"up": {"uv": [10, 12, 11, 11.5], "texture": "#0"},
				"down": {"uv": [10, 13.5, 11, 13], "texture": "#0"}
			}
		},
		{
			"name": "Element",
			"from": [11, 5, 16],
			"to": [10, 4, 13],
			"rotation": {"angle": 0, "axis": "x", "origin": [-7, 16, 13]},
			"faces": {
				"east": {"uv": [10, 4, 9.5, 5], "texture": "#0"},
				"west": {"uv": [11.5, 4, 11, 5], "texture": "#0"},
				"up": {"uv": [10, 4, 11, 3.5], "texture": "#0"},
				"down": {"uv": [10, 5.5, 11, 5], "texture": "#0"}
			}
		},
		{
			"name": "Element",
			"from": [10, 10, 16],
			"to": [9, 7, 13],
			"rotation": {"angle": 0, "axis": "x", "origin": [-1, 16, 13]},
			"faces": {
				"east": {"uv": [9, 7, 8.5, 10], "texture": "#0"},
				"west": {"uv": [10.5, 7, 10, 10], "texture": "#0"},
				"up": {"uv": [9, 7, 10, 6.5], "texture": "#0"},
				"down": {"uv": [9, 10.5, 10, 10], "texture": "#0"}
			}
		},
		{
			"name": "Element",
			"from": [9, 13, 16],
			"to": [8, 4, 13],
			"rotation": {"angle": 0, "axis": "x", "origin": [-2, 16, 13]},
			"faces": {
				"east": {"uv": [8, 4, 7.5, 13], "texture": "#0"},
				"west": {"uv": [9.5, 4, 9, 13], "texture": "#0"},
				"up": {"uv": [8, 4, 9, 3.5], "texture": "#0"},
				"down": {"uv": [8, 13.5, 9, 13], "texture": "#0"}
			}
		},
		{
			"name": "Element",
			"from": [8, 13, 16],
			"to": [7, 3, 13],
			"rotation": {"angle": 0, "axis": "x", "origin": [-3, 16, 13]},
			"faces": {
				"east": {"uv": [7, 3, 6.5, 13], "texture": "#0"},
				"west": {"uv": [8.5, 3, 8, 13], "texture": "#0"},
				"up": {"uv": [7, 3, 8, 2.5], "texture": "#0"},
				"down": {"uv": [7, 13.5, 8, 13], "texture": "#0"}
			}
		},
		{
			"name": "Element",
			"from": [7, 12, 16],
			"to": [6, 10, 13],
			"rotation": {"angle": 0, "axis": "x", "origin": [-4, 16, 13]},
			"faces": {
				"east": {"uv": [6, 10, 5.5, 12], "texture": "#0"},
				"west": {"uv": [7.5, 10, 7, 12], "texture": "#0"},
				"up": {"uv": [6, 10, 7, 9.5], "texture": "#0"},
				"down": {"uv": [6, 12.5, 7, 12], "texture": "#0"}
			}
		},
		{
			"name": "Element",
			"from": [7, 4, 16],
			"to": [6, 3, 13],
			"rotation": {"angle": 0, "axis": "x", "origin": [-4, 16, 13]},
			"faces": {
				"east": {"uv": [6, 3, 5.5, 4], "texture": "#0"},
				"west": {"uv": [7.5, 3, 7, 4], "texture": "#0"},
				"up": {"uv": [6, 3, 7, 2.5], "texture": "#0"},
				"down": {"uv": [6, 4.5, 7, 4], "texture": "#0"}
			}
		},
		{
			"name": "Element",
			"from": [6, 8, 16],
			"to": [5, 6, 13],
			"rotation": {"angle": 0, "axis": "x", "origin": [-5, 16, 13]},
			"faces": {
				"east": {"uv": [5, 6, 4.5, 8], "texture": "#0"},
				"west": {"uv": [6.5, 6, 6, 8], "texture": "#0"},
				"up": {"uv": [5, 6, 6, 5.5], "texture": "#0"},
				"down": {"uv": [5, 8.5, 6, 8], "texture": "#0"}
			}
		},
		{
			"name": "Element",
			"from": [5, 9, 16],
			"to": [4, 5, 13],
			"rotation": {"angle": 0, "axis": "x", "origin": [-6, 16, 13]},
			"faces": {
				"east": {"uv": [4, 5, 3.5, 9], "texture": "#0"},
				"west": {"uv": [5.5, 5, 5, 9], "texture": "#0"},
				"up": {"uv": [4, 5, 5, 4.5], "texture": "#0"},
				"down": {"uv": [4, 9.5, 5, 9], "texture": "#0"}
			}
		},
		{
			"name": "Element",
			"from": [4, 13, 16],
			"to": [3, 8, 13],
			"rotation": {"angle": 0, "axis": "x", "origin": [-7, 16, 13]},
			"faces": {
				"east": {"uv": [3, 8, 2.5, 13], "texture": "#0"},
				"west": {"uv": [4.5, 8, 4, 13], "texture": "#0"},
				"up": {"uv": [3, 8, 4, 7.5], "texture": "#0"},
				"down": {"uv": [3, 13.5, 4, 13], "texture": "#0"}
			}
		},
		{
			"name": "Element",
			"from": [4, 6, 16],
			"to": [3, 3, 13],
			"rotation": {"angle": 0, "axis": "x", "origin": [-7, 16, 13]},
			"faces": {
				"east": {"uv": [3, 3, 2.5, 6], "texture": "#0"},
				"west": {"uv": [4.5, 3, 4, 6], "texture": "#0"},
				"up": {"uv": [3, 3, 4, 2.5], "texture": "#0"},
				"down": {"uv": [3, 6.5, 4, 6], "texture": "#0"}
			}
		}
	]
}