{
  "format_version": "1.21.6",
  "credit": "Made with Blockbench",
  "textures": {
    "particle": "block/weathered_copper_trapdoor",
    "texture": "block/weathered_copper_trapdoor"
  },
  "elements": [
    {
      "name": "Element",
      "from": [0, 0, 13],
      "to": [16, 16, 16],
      "faces": {
        "north": { "uv": [16, 0, 0, 16], "texture": "#texture" },
        "east": {
          "uv": [15.5, 16, 16, 0],
          "rotation": 180,
          "texture": "#texture",
          "cullface": "east"
        },
        "south": {
          "uv": [0, 0, 16, 16],
          "texture": "#texture",
          "cullface": "south"
        },
        "west": {
          "uv": [0.5, 0, 0, 16],
          "texture": "#texture",
          "cullface": "west"
        },
        "up": {
          "uv": [0, 0.5, 16, 0],
          "texture": "#texture",
          "cullface": "up"
        },
        "down": {
          "uv": [16, 15.5, 0, 16],
          "rotation": 180,
          "texture": "#texture",
          "cullface": "down"
        }
      }
    }
  ]
}
